name,label
gas/00000164.jpg,gas
gas/00000038.jpg,gas
gas/00000005.jpg,gas
gas/00000039.jpg,gas
gas/00000171.jpg,gas
gas/00000165.jpg,gas
gas/00000173.jpg,gas
gas/00000167.jpg,gas
gas/00000198.jpg,gas
gas/00000007.jpg,gas
gas/00000013.jpg,gas
gas/00000199.jpg,gas
gas/00000166.jpg,gas
gas/00000172.jpg,gas
gas/00000176.png,gas
gas/00000162.jpg,gas
gas/00000189.jpg,gas
gas/00000016.jpg,gas
gas/00000003.png,gas
gas/00000163.jpg,gas
gas/00000177.jpg,gas
gas/00000188.png,gas
gas/00000161.jpg,gas
gas/00000001.jpg,gas
gas/00000028.jpg,gas
gas/00000000.jpg,gas
gas/00000014.jpg,gas
gas/00000148.jpg,gas
gas/00000174.jpg,gas
gas/00000115.jpeg,gas
gas/00000107.jpg,gas
gas/00000073.jpg,gas
gas/00000098.png,gas
gas/00000072.jpg,gas
gas/00000112.jpg,gas
gas/00000106.jpg,gas
gas/00000187.gif,gas
gas/00000104.png,gas
gas/00000138.jpg,gas
gas/00000110.jpg,gas
gas/00000058.jpg,gas
gas/00000059.jpg,gas
gas/00000105.jpg,gas
gas/00000111.jpg,gas
gas/00000139.jpg,gas
gas/00000101.jpg,gas
gas/00000061.jpg,gas
gas/00000075.jpg,gas
gas/00000049.jpg,gas
gas/00000048.jpg,gas
gas/00000074.jpg,gas
gas/00000060.jpg,gas
gas/00000128.jpg,gas
gas/00000100.jpg,gas
gas/00000102.jpg,gas
gas/00000116.jpg,gas
gas/00000021.gif,gas
gas/00000088.jpg,gas
gas/00000063.jpg,gas
gas/00000103.jpg,gas
gas/00000132.jpg,gas
gas/00000052.jpg,gas
gas/00000091.jpg,gas
gas/00000085.jpg,gas
gas/00000195.jpeg,gas
gas/00000084.jpg,gas
gas/00000090.jpg,gas
gas/00000053.jpg,gas
gas/00000133.jpg,gas
gas/00000127.jpg,gas
gas/00000119.jpg,gas
gas/00000125.jpg,gas
gas/00000079.jpg,gas
gas/00000045.jpg,gas
gas/00000051.jpg,gas
gas/00000086.jpg,gas
gas/00000092.jpg,gas
gas/00000087.jpg,gas
gas/00000050.jpg,gas
gas/00000044.jpg,gas
gas/00000124.jpg,gas
gas/00000118.jpg,gas
gas/00000134.jpg,gas
gas/00000054.jpg,gas
gas/00000083.jpg,gas
gas/00000096.jpg,gas
gas/00000082.jpg,gas
gas/00000069.jpg,gas
gas/00000055.jpg,gas
gas/00000041.jpg,gas
gas/00000121.jpg,gas
gas/00000135.jpg,gas
gas/00000123.jpg,gas
gas/00000137.jpg,gas
gas/00000057.jpg,gas
gas/00000043.jpg,gas
gas/00000094.jpg,gas
gas/00000080.jpg,gas
gas/00000056.png,gas
gas/00000081.jpg,gas
gas/00000095.jpg,gas
gas/00000042.jpg,gas
gas/00000136.jpg,gas
gas/00000122.jpg,gas
gas/00000179.png,gas
gas/00000186.jpg,gas
gas/00000192.jpg,gas
gas/00000031.jpg,gas
gas/00000024.jpg,gas
gas/00000030.jpg,gas
gas/00000193.jpg,gas
gas/00000150.jpg,gas
gas/00000144.jpg,gas
gas/00000178.jpg,gas
gas/00000152.jpg,gas
gas/00000146.jpg,gas
gas/00000191.jpg,gas
gas/00000185.jpg,gas
gas/00000026.jpg,gas
gas/00000032.jpg,gas
gas/00000033.jpg,gas
gas/00000027.jpg,gas
gas/00000184.jpg,gas
gas/00000190.jpg,gas
gas/00000153.png,gas
gas/00000157.jpg,gas
gas/00000143.jpg,gas
gas/00000194.jpg,gas
gas/00000180.jpg,gas
gas/00000023.png,gas
gas/00000036.jpg,gas
gas/00000022.jpg,gas
gas/00000142.jpg,gas
gas/00000156.jpg,gas
gas/00000140.jpg,gas
gas/00000197.jpg,gas
gas/00000034.jpg,gas
gas/00000020.jpg,gas
gas/00000008.jpg,gas
gas/00000035.jpg,gas
gas/00000182.jpg,gas
gas/00000169.jpg,gas
gas/00000155.jpg,gas
gas/00000141.jpg,gas
terrestrial/00000170.png,terrestrial
terrestrial/00000158.jpg,terrestrial
terrestrial/00000164.jpg,terrestrial
terrestrial/00000038.jpg,terrestrial
terrestrial/00000010.jpg,terrestrial
terrestrial/00000004.jpg,terrestrial
terrestrial/00000005.jpg,terrestrial
terrestrial/00000011.jpg,terrestrial
terrestrial/00000039.jpg,terrestrial
terrestrial/00000171.jpg,terrestrial
terrestrial/00000165.jpg,terrestrial
terrestrial/00000159.jpg,terrestrial
terrestrial/00000167.jpg,terrestrial
terrestrial/00000007.jpg,terrestrial
terrestrial/00000013.jpg,terrestrial
terrestrial/00000051.gif,terrestrial
terrestrial/00000012.jpg,terrestrial
terrestrial/00000006.jpg,terrestrial
terrestrial/00000199.jpg,terrestrial
terrestrial/00000172.jpg,terrestrial
terrestrial/00000189.png,terrestrial
terrestrial/00000176.jpg,terrestrial
terrestrial/00000162.jpg,terrestrial
terrestrial/00000002.jpg,terrestrial
terrestrial/00000016.png,terrestrial
terrestrial/00000017.jpg,terrestrial
terrestrial/00000003.jpg,terrestrial
terrestrial/00000188.jpg,terrestrial
terrestrial/00000163.jpg,terrestrial
terrestrial/00000177.jpg,terrestrial
terrestrial/00000137.gif,terrestrial
terrestrial/00000161.jpg,terrestrial
terrestrial/00000149.jpg,terrestrial
terrestrial/00000015.jpg,terrestrial
terrestrial/00000001.jpg,terrestrial
terrestrial/00000014.jpg,terrestrial
terrestrial/00000148.jpg,terrestrial
terrestrial/00000160.jpg,terrestrial
terrestrial/00000107.jpg,terrestrial
terrestrial/00000113.jpg,terrestrial
terrestrial/00000067.jpg,terrestrial
terrestrial/00000098.jpg,terrestrial
terrestrial/00000099.jpg,terrestrial
terrestrial/00000072.jpg,terrestrial
terrestrial/00000112.jpg,terrestrial
terrestrial/00000138.jpg,terrestrial
terrestrial/00000104.jpg,terrestrial
terrestrial/00000058.jpg,terrestrial
terrestrial/00000070.jpg,terrestrial
terrestrial/00000064.png,terrestrial
terrestrial/00000071.jpg,terrestrial
terrestrial/00000065.jpg,terrestrial
terrestrial/00000111.jpg,terrestrial
terrestrial/00000139.jpg,terrestrial
terrestrial/00000147.gif,terrestrial
terrestrial/00000180.gif,terrestrial
terrestrial/00000115.jpg,terrestrial
terrestrial/00000101.jpg,terrestrial
terrestrial/00000129.jpg,terrestrial
terrestrial/00000075.jpg,terrestrial
terrestrial/00000049.jpg,terrestrial
terrestrial/00000074.jpg,terrestrial
terrestrial/00000060.jpg,terrestrial
terrestrial/00000128.jpg,terrestrial
terrestrial/00000114.jpg,terrestrial
terrestrial/00000102.jpg,terrestrial
terrestrial/00000116.jpg,terrestrial
terrestrial/00000062.jpg,terrestrial
terrestrial/00000089.jpg,terrestrial
terrestrial/00000088.jpg,terrestrial
terrestrial/00000077.jpg,terrestrial
terrestrial/00000117.jpg,terrestrial
terrestrial/00000103.png,terrestrial
terrestrial/00000126.jpg,terrestrial
terrestrial/00000132.jpg,terrestrial
terrestrial/00000046.jpg,terrestrial
terrestrial/00000091.jpg,terrestrial
terrestrial/00000085.jpg,terrestrial
terrestrial/00000084.jpg,terrestrial
terrestrial/00000090.jpg,terrestrial
terrestrial/00000047.jpg,terrestrial
terrestrial/00000053.jpg,terrestrial
terrestrial/00000133.jpg,terrestrial
terrestrial/00000127.jpg,terrestrial
terrestrial/00000119.jpg,terrestrial
terrestrial/00000131.jpg,terrestrial
terrestrial/00000045.jpg,terrestrial
terrestrial/00000086.jpg,terrestrial
terrestrial/00000087.jpg,terrestrial
terrestrial/00000044.jpg,terrestrial
terrestrial/00000078.jpg,terrestrial
terrestrial/00000124.jpg,terrestrial
terrestrial/00000130.jpg,terrestrial
terrestrial/00000118.jpg,terrestrial
terrestrial/00000134.jpg,terrestrial
terrestrial/00000108.jpg,terrestrial
terrestrial/00000054.jpg,terrestrial
terrestrial/00000068.jpg,terrestrial
terrestrial/00000083.jpg,terrestrial
terrestrial/00000097.jpg,terrestrial
terrestrial/00000096.jpg,terrestrial
terrestrial/00000082.jpg,terrestrial
terrestrial/00000069.jpg,terrestrial
terrestrial/00000055.jpg,terrestrial
terrestrial/00000041.jpg,terrestrial
terrestrial/00000109.jpg,terrestrial
terrestrial/00000121.jpg,terrestrial
terrestrial/00000135.jpg,terrestrial
terrestrial/00000057.jpg,terrestrial
terrestrial/00000043.jpg,terrestrial
terrestrial/00000094.jpg,terrestrial
terrestrial/00000080.jpg,terrestrial
terrestrial/00000029.gif,terrestrial
terrestrial/00000095.jpg,terrestrial
terrestrial/00000056.jpg,terrestrial
terrestrial/00000136.jpg,terrestrial
terrestrial/00000122.jpg,terrestrial
terrestrial/00000179.png,terrestrial
terrestrial/00000145.jpg,terrestrial
terrestrial/00000192.jpg,terrestrial
terrestrial/00000019.jpg,terrestrial
terrestrial/00000031.jpg,terrestrial
terrestrial/00000025.png,terrestrial
terrestrial/00000066.gif,terrestrial
terrestrial/00000030.jpg,terrestrial
terrestrial/00000018.jpg,terrestrial
terrestrial/00000193.jpg,terrestrial
terrestrial/00000187.jpg,terrestrial
terrestrial/00000150.jpg,terrestrial
terrestrial/00000178.jpg,terrestrial
terrestrial/00000152.jpg,terrestrial
terrestrial/00000146.jpg,terrestrial
terrestrial/00000191.jpg,terrestrial
terrestrial/00000185.jpg,terrestrial
terrestrial/00000026.jpg,terrestrial
terrestrial/00000032.jpg,terrestrial
terrestrial/00000027.png,terrestrial
terrestrial/00000184.jpg,terrestrial
terrestrial/00000153.jpg,terrestrial
terrestrial/00000157.jpg,terrestrial
terrestrial/00000194.jpg,terrestrial
terrestrial/00000023.jpg,terrestrial
terrestrial/00000151.jpeg,terrestrial
terrestrial/00000022.png,terrestrial
terrestrial/00000036.jpg,terrestrial
terrestrial/00000181.jpg,terrestrial
terrestrial/00000156.jpg,terrestrial
terrestrial/00000183.png,terrestrial
terrestrial/00000140.jpg,terrestrial
terrestrial/00000034.jpg,terrestrial
terrestrial/00000020.jpg,terrestrial
terrestrial/00000008.jpg,terrestrial
terrestrial/00000009.jpg,terrestrial
terrestrial/00000021.jpg,terrestrial
terrestrial/00000196.jpg,terrestrial
terrestrial/00000169.jpg,terrestrial
terrestrial/00000155.jpg,terrestrial
terrestrial/00000141.jpg,terrestrial
